<?xml version="1.0" encoding="UTF-8"?>
<beans:beans
	xmlns="http://www.springframework.org/schema/mvc"
	xmlns:xsi="http://www.w3.org/2001/XMLSchema-instance"
	xmlns:beans="http://www.springframework.org/schema/beans"
	xmlns:context="http://www.springframework.org/schema/context"
	xsi:schemaLocation="http://www.springframework.org/schema/mvc https://www.springframework.org/schema/mvc/spring-mvc.xsd
		http://www.springframework.org/schema/beans https://www.springframework.org/schema/beans/spring-beans.xsd
		http://www.springframework.org/schema/context https://www.springframework.org/schema/context/spring-context.xsd">

	<!-- DispatcherServlet Context: defines this servlet's request-processing 
		infrastructure -->

	<!-- Enables the Spring MVC @Controller programming model -->
	<annotation-driven />

	<!-- Handles HTTP GET requests for /resources/** by efficiently serving 
		up static resources in the ${webappRoot}/resources directory -->
	<resources mapping="/resources/**" location="/resources/" />

	<!-- <resources> : location에 대한 요청이 Spring MVC에 영향을 받아 직접 접근이 불가능한 경우 이를 
		WAS에게 위임하여 url로 resourse에 직접 접근 할 수 있도록 해줌. * : 0 개 이상의 문자와 매칭 ** : 0 개 이상의 
		디렉토리와 화일과 매칭 mapping="/resources/**" : /resources/ 의 하위 경로로 접근하는 모든 경로와 파일은 
		location="/resources/" : /resources/ 디렉토리 에서 찾아라 ~~~ -->

	<!-- Resolves views selected for rendering by @Controllers to .jsp resources 
		in the /WEB-INF/views directory -->
	<beans:bean
		class="org.springframework.web.servlet.view.InternalResourceViewResolver">
		<beans:property name="prefix" value="/WEB-INF/views/" />
		<beans:property name="suffix" value=".jsp" />
	</beans:bean>

	<context:component-scan
		base-package="com.ncs.spring02" />
		
		
<!-- 	~~~~~~~~~~~~~~~~~~~~~~~~~~~~~~~~~~~~~~~~~~~~~~~~~~~~~~~~~~~~~~~~~~~~~~~~~~~~~~~~ 
	*** File Upload 설정
	=> id , name 변경 불가능 
       : 대부분의 Resolver로 끝나는 클래스의 경우에는 이미 정해져있기 때문에 변경불가능.
    => maxUploadSize는 지정하지 않으면 default 값은 -1 이며 크기 무제한이 됨. 
       다양하게 변경하며 Test 
	
-->
	<beans:bean id="multipartResolver" class="org.springframework.web.multipart.commons.CommonsMultipartResolver">
		<beans:property name="maxUploadSize" value="-1"></beans:property>
	</beans:bean>





</beans:beans>
